{
	"/": [
		"src/routes/+page.server.ts",
		"src/routes/+layout.server.ts",
		"src/routes/+layout.server.ts"
	],
	"/dash": [
		"src/routes/dash/+page.server.ts",
		"src/routes/+layout.server.ts",
		"src/routes/+layout.server.ts"
	],
	"/dash/add_music": [
		"src/routes/dash/add_music/+page.server.ts",
		"src/routes/+layout.server.ts"
	],
	"/dash/subscriptions/[id]": [
		"src/routes/dash/subscriptions/[id]/+page.server.ts",
		"src/routes/+layout.server.ts"
	],
	"/home": [
		"src/routes/home/+page.server.ts",
		"src/routes/+layout.server.ts",
		"src/routes/+layout.server.ts"
	],
	"/home/add_script": [
		"src/routes/home/add_script/+page.server.ts",
		"src/routes/+layout.server.ts"
	],
	"/home/subscriptions/[id]": [
		"src/routes/home/subscriptions/[id]/+page.server.ts",
		"src/routes/+layout.server.ts"
	],
	"/login": [
		"src/routes/login/+page.server.ts",
		"src/routes/+layout.server.ts"
	],
	"/logout": [
		"src/routes/logout/+page.server.ts",
		"src/routes/+layout.server.ts"
	],
	"/media/[...slug]": [
		"src/routes/media/[...slug]/+server.ts"
	],
	"/signup": [
		"src/routes/signup/+page.server.ts",
		"src/routes/+layout.server.ts"
	]
}